,0,1,2,3,4
0,0.0,0.0,0.0,4437.0,0.0
0,0.0,0.0,0.0,5719.0,0.0
0,0.0,0.0,0.0,484.0,0.0
0,0.0,0.0,0.0,764.0,0.0
0,0.0,0.0,0.0,2041.0,0.0
0,0.0,0.0,0.0,4028.0,0.0
0,0.0,0.0,0.0,4195.0,0.0
0,1296.5,2.0,2.0,1865.0,1.0
0,86.0,1.0,1.0,1865.0,1.0
0,0.0,0.0,0.0,2507.0,0.0
0,0.0,0.0,0.0,86.0,0.0
0,0.0,0.0,0.0,86.0,0.0
0,0.0,0.0,0.0,16683.0,0.0
0,0.0,0.0,0.0,4195.0,0.0
0,0.0,0.0,0.0,4195.0,0.0
0,0.0,0.0,1.0,264.0,0.0
0,0.0,0.0,0.0,423.0,0.0
0,1719.0,1.0,1.0,423.0,1.0
0,344.3333333333333,3.0,3.0,2073.0,1.0
0,0.0,0.0,0.0,442.0,0.0
0,0.0,0.0,0.0,140.0,0.0
0,0.0,0.0,0.0,208.0,0.0
0,0.0,0.0,0.0,451.0,0.0
0,0.0,0.0,0.0,525.0,0.0
0,0.0,0.0,0.0,2132.0,0.0
0,0.0,0.0,0.0,292.0,0.0
0,2511.25,4.0,5.0,15946.0,1.0
0,0.0,0.0,0.0,8096.0,0.0
0,0.0,0.0,0.0,55.0,0.0
0,0.0,0.0,0.0,1652.0,0.0
0,0.0,0.0,0.0,1719.0,0.0
0,0.0,0.0,0.0,262.0,0.0
0,0.0,0.0,0.0,12574.0,0.0
0,0.0,0.0,0.0,377.0,0.0
0,0.0,0.0,0.0,182.0,0.0
0,0.0,0.0,1.0,153.0,0.0
0,0.0,0.0,1.0,153.0,0.0
0,115.0,1.0,0.0,284.0,1.0
0,131.0,1.0,3.0,1870.0,1.0
0,0.0,0.0,0.0,131.0,0.0
0,0.0,0.0,0.0,348.0,0.0
0,0.0,0.0,0.0,16683.0,0.0
0,0.0,0.0,0.0,46.0,0.0
0,0.0,0.0,2.0,266.0,0.0
0,0.0,0.0,0.0,125.0,0.0
0,5514.0,1.0,1.0,4370.0,1.0
0,0.0,0.0,0.0,2770.0,0.0
0,0.0,0.0,0.0,1777.0,0.0
0,0.0,0.0,0.0,5514.0,0.0
0,856.5,4.0,11.0,1850.0,1.0
0,0.0,0.0,0.0,1302.0,0.0
0,0.0,0.0,0.0,444.0,0.0
0,0.0,0.0,0.0,525.0,0.0
0,1582.0,4.0,22.0,2766.0,1.0
0,0.0,0.0,0.0,328.0,0.0
0,0.0,0.0,0.0,502.0,0.0
0,2775.6666666666665,3.0,5.0,621.0,1.0
0,0.0,0.0,0.0,5088.0,0.0
0,0.0,0.0,0.0,7819.0,0.0
0,0.0,0.0,2.0,3603.0,0.0
0,0.0,0.0,0.0,35.0,0.0
0,0.0,0.0,0.0,42.0,0.0
0,1755.6666666666667,3.0,2.0,825.0,1.0
0,0.0,0.0,0.0,118.0,0.0
0,448.5,2.0,1.0,404.0,1.0
0,0.0,0.0,0.0,591.0,0.0
0,1235.5,2.0,4.0,7097.0,1.0
0,0.0,0.0,0.0,3018.0,0.0
0,0.0,0.0,0.0,2056.0,0.0
0,0.0,0.0,0.0,493.0,0.0
0,0.0,0.0,0.0,975.0,0.0
0,958.0,1.0,5.0,556.0,1.0
0,3018.0,1.0,5.0,546.0,1.0
0,0.0,0.0,0.0,958.0,0.0
0,3793.0,1.0,1.0,11112.0,1.0
0,0.0,0.0,1.0,3102.0,0.0
0,0.0,0.0,0.0,3018.0,0.0
0,1046.5,2.0,4.0,3018.0,1.0
0,0.0,0.0,0.0,1273.0,0.0
0,0.0,0.0,0.0,1395.0,0.0
0,3559.5,2.0,2.0,9915.0,1.0
0,0.0,0.0,0.0,6369.0,0.0
0,0.0,0.0,0.0,304.0,0.0
0,0.0,0.0,1.0,688.0,0.0
0,0.0,0.0,0.0,750.0,0.0
0,0.0,0.0,0.0,1803.0,0.0
0,0.0,0.0,0.0,820.0,0.0
0,0.0,0.0,0.0,425.0,0.0
0,1731.8823529411766,17.0,11.0,118778.0,1.0
0,0.0,0.0,0.0,104.0,0.0
0,0.0,0.0,0.0,240.0,0.0
0,0.0,0.0,0.0,62.0,0.0
0,0.0,0.0,0.0,1273.0,0.0
0,0.0,0.0,0.0,964.0,0.0
0,0.0,0.0,0.0,100.0,0.0
0,0.0,0.0,0.0,306.0,0.0
0,0.0,0.0,0.0,17.0,0.0
0,0.0,0.0,0.0,387.0,0.0
0,0.0,0.0,0.0,129.0,0.0
0,0.0,0.0,0.0,1291.0,0.0
0,0.0,0.0,0.0,614.0,0.0
0,0.0,0.0,0.0,584.0,0.0
0,0.0,0.0,0.0,544.0,0.0
0,0.0,0.0,0.0,21231.0,0.0
0,0.0,0.0,4.0,1850.0,0.0
0,0.0,0.0,2.0,5601.0,0.0
0,0.0,0.0,0.0,613.0,0.0
0,0.0,0.0,0.0,295.0,0.0
0,0.0,0.0,0.0,49.0,0.0
0,2056.0,1.0,0.0,3018.0,1.0
0,0.0,0.0,0.0,2056.0,0.0
0,0.0,0.0,0.0,3018.0,0.0
0,131.0,1.0,1.0,2056.0,1.0
0,1162.5,2.0,1.0,3018.0,1.0
0,0.0,0.0,0.0,2056.0,0.0
0,0.0,0.0,0.0,3018.0,0.0
0,0.0,0.0,0.0,3018.0,0.0
0,0.0,0.0,0.0,269.0,0.0
0,0.0,0.0,0.0,3018.0,0.0
0,0.0,0.0,0.0,189.0,0.0
0,0.0,0.0,0.0,1274.0,0.0
0,0.0,0.0,0.0,1677.0,0.0
0,0.0,0.0,0.0,425.0,0.0
0,0.0,0.0,0.0,283.0,0.0
0,2056.0,1.0,1.0,3018.0,1.0
0,0.0,0.0,0.0,2056.0,0.0
0,0.0,0.0,0.0,679.0,0.0
0,0.0,0.0,1.0,3018.0,0.0
0,0.0,0.0,1.0,1841.0,0.0
0,0.0,0.0,0.0,449.0,0.0
0,0.0,0.0,0.0,1001.0,0.0
0,0.0,0.0,1.0,3018.0,0.0
0,289.8333333333333,6.0,10.0,1993.0,1.0
0,0.0,0.0,0.0,48.0,0.0
0,0.0,0.0,0.0,60.0,0.0
0,0.0,0.0,0.0,410.0,0.0
0,0.0,0.0,0.0,172.0,0.0
0,0.0,0.0,0.0,516.0,0.0
0,0.0,0.0,0.0,3243.0,0.0
0,3536.0,1.0,2.0,643.0,1.0
0,0.0,0.0,0.0,475.0,0.0
0,0.0,0.0,0.0,3536.0,0.0
0,0.0,0.0,1.0,6282.0,0.0
0,630.0,1.0,10.0,28817.0,1.0
0,0.0,0.0,0.0,630.0,0.0
0,0.0,0.0,1.0,229.0,0.0
0,3838.0,2.0,6.0,3843.0,1.0
0,0.0,0.0,0.0,1031.0,0.0
0,2622.0,1.0,0.0,1031.0,1.0
0,0.0,0.0,1.0,74.0,0.0
0,0.0,0.0,0.0,528.0,0.0
0,0.0,0.0,0.0,3018.0,0.0
0,0.0,0.0,1.0,382.0,0.0
0,0.0,0.0,0.0,67.0,0.0
0,0.0,0.0,0.0,525.0,0.0
0,0.0,0.0,0.0,525.0,0.0
0,0.0,0.0,0.0,968.0,0.0
0,8635.0,1.0,0.0,797.0,1.0
0,0.0,0.0,0.0,8635.0,0.0
0,0.0,0.0,1.0,318.0,0.0
0,0.0,0.0,0.0,11831.0,0.0
0,0.0,0.0,0.0,11831.0,0.0
0,3077.5,2.0,5.0,1391.0,1.0
0,0.0,0.0,0.0,56.0,0.0
0,0.0,0.0,0.0,350.0,0.0
0,3765.5,4.0,4.0,25830.0,1.0
0,0.0,0.0,0.0,5898.0,0.0
0,0.0,0.0,0.0,2854.0,0.0
0,0.0,0.0,1.0,122.0,0.0
0,0.0,0.0,0.0,641.0,0.0
0,0.0,0.0,0.0,3364.0,0.0
0,0.0,0.0,0.0,5859.0,0.0
0,0.0,0.0,0.0,390.0,0.0
0,0.0,0.0,0.0,1817.0,0.0
0,0.0,0.0,0.0,131.0,0.0
0,0.0,0.0,0.0,28.0,0.0
0,0.0,0.0,1.0,784.0,0.0
0,0.0,0.0,0.0,509.0,0.0
0,0.0,0.0,1.0,81.0,0.0
0,7.0,1.0,1.0,74.0,1.0
0,0.0,0.0,1.0,356.0,0.0
0,0.0,0.0,1.0,81.0,0.0
0,0.0,0.0,0.0,433.0,0.0
0,0.0,0.0,0.0,723.0,0.0
0,0.0,0.0,0.0,100.0,0.0
0,0.0,0.0,0.0,1168.0,0.0
0,0.0,0.0,0.0,6739.0,0.0
0,0.0,0.0,0.0,1300.0,0.0
0,0.0,0.0,1.0,3385.0,0.0
0,0.0,0.0,0.0,813.0,0.0
0,0.0,0.0,1.0,259.0,0.0
0,3000.5,4.0,0.0,10938.0,1.0
0,0.0,0.0,0.0,4248.0,0.0
0,0.0,0.0,0.0,390.0,0.0
0,0.0,0.0,0.0,5589.0,0.0
0,0.0,0.0,0.0,1011.0,0.0
0,0.0,0.0,0.0,809.0,0.0
0,0.0,0.0,1.0,571.0,0.0
0,0.0,0.0,0.0,131.0,0.0
0,0.0,0.0,0.0,2505.0,0.0
0,0.0,0.0,0.0,2745.0,0.0
0,0.0,0.0,0.0,268.0,0.0
0,0.0,0.0,0.0,413.0,0.0
0,0.0,0.0,0.0,7248.0,0.0
0,0.0,0.0,0.0,126.0,0.0
0,0.0,0.0,0.0,709.0,0.0
0,0.0,0.0,0.0,2235.0,0.0
0,0.0,0.0,0.0,239.0,0.0
0,0.0,0.0,1.0,6135.0,0.0
0,0.0,0.0,0.0,533.0,0.0
0,0.0,0.0,0.0,1254.0,0.0
0,0.0,0.0,0.0,1111.0,0.0
0,14394.0,1.0,0.0,2745.0,1.0
0,0.0,0.0,0.0,14394.0,0.0
0,0.0,0.0,0.0,1015.0,0.0
0,0.0,0.0,1.0,854.0,0.0
0,0.0,0.0,0.0,1529.0,0.0
0,0.0,0.0,0.0,1980.0,0.0
0,0.0,0.0,1.0,722.0,0.0
0,19611.0,1.0,1.0,350.0,1.0
0,1503.0,1.0,1.0,1630.0,1.0
0,10323.6,5.0,5.0,721.0,1.0
0,0.0,0.0,0.0,40184.0,0.0
0,0.0,0.0,0.0,351.0,0.0
0,5708.333333333333,3.0,3.0,14583.0,1.0
0,0.0,0.0,0.0,9970.0,0.0
0,0.0,0.0,0.0,1997.0,0.0
0,0.0,0.0,0.0,19611.0,0.0
0,2120.0,1.0,1.0,1704.0,1.0
0,0.0,0.0,0.0,1503.0,0.0
0,0.0,0.0,0.0,6712.0,0.0
0,0.0,0.0,0.0,3234.0,0.0
0,0.0,0.0,0.0,1997.0,0.0
0,53588.0,1.0,1.0,4917.0,1.0
0,0.0,0.0,0.0,53588.0,0.0
0,19025.5,2.0,1.0,53588.0,1.0
0,0.0,0.0,0.0,4917.0,0.0
0,0.0,0.0,0.0,144.0,0.0
0,0.0,0.0,6.0,24909.0,0.0
0,0.0,0.0,0.0,3217.0,0.0
0,4299.2,20.0,30.0,3823.0,1.0
0,0.0,0.0,0.0,2894.0,0.0
0,0.0,0.0,0.0,3261.0,0.0
0,0.0,0.0,0.0,3629.0,0.0
0,253.0,1.0,2.0,2113.0,1.0
0,0.0,0.0,0.0,9373.0,0.0
0,0.0,0.0,0.0,3938.0,0.0
0,0.0,0.0,1.0,3585.0,0.0
0,0.0,0.0,0.0,1482.0,0.0
0,11119.0,1.0,0.0,3585.0,1.0
0,3979.0,1.0,2.0,785.0,1.0
0,0.0,0.0,0.0,3979.0,0.0
0,5030.5,4.0,9.0,4424.0,1.0
0,0.0,0.0,0.0,228.0,0.0
0,0.0,0.0,3.0,38.0,0.0
0,0.0,0.0,0.0,642.0,0.0
0,0.0,0.0,0.0,18712.0,0.0
0,529.25,4.0,5.0,2336.0,1.0
0,0.0,0.0,0.0,185.0,0.0
0,0.0,0.0,1.0,393.0,0.0
0,0.0,0.0,0.0,393.0,0.0
0,0.0,0.0,0.0,18.0,0.0
0,0.0,0.0,1.0,56.0,0.0
0,0.0,0.0,0.0,346.0,0.0
0,6531.5,4.0,2.0,220154.0,1.0
0,0.0,0.0,0.0,11119.0,0.0
0,0.0,0.0,0.0,4171.0,0.0
0,0.0,0.0,0.0,4171.0,0.0
0,0.0,0.0,0.0,4171.0,0.0
0,0.0,0.0,0.0,4171.0,0.0
0,0.0,0.0,0.0,884.0,0.0
0,0.0,0.0,0.0,45.0,0.0
0,0.0,0.0,1.0,736.0,0.0
0,0.0,0.0,0.0,501.0,0.0
0,0.0,0.0,14.0,57266.0,0.0
0,0.0,0.0,0.0,6369.0,0.0
0,0.0,0.0,0.0,678.0,0.0
0,0.0,0.0,0.0,33134.0,0.0
0,1106.3636363636363,11.0,17.0,118775.0,1.0
0,0.0,0.0,0.0,891.0,0.0
0,0.0,0.0,0.0,2036.0,0.0
0,0.0,0.0,0.0,842.0,0.0
0,0.0,0.0,0.0,94.0,0.0
0,0.0,0.0,0.0,1664.0,0.0
0,0.0,0.0,0.0,387.0,0.0
0,703.3333333333334,6.0,7.0,994.0,1.0
0,0.0,0.0,1.0,1156.0,0.0
0,0.0,0.0,0.0,2543.0,0.0
0,0.0,0.0,0.0,104.0,0.0
0,0.0,0.0,0.0,516.0,0.0
0,0.0,0.0,0.0,1275.0,0.0
0,0.0,0.0,0.0,456.0,0.0
0,0.0,0.0,0.0,36.0,0.0
0,3309.0,1.0,6.0,980.0,1.0
0,0.0,0.0,0.0,1473.0,0.0
0,0.0,0.0,1.0,3277.0,0.0
0,0.0,0.0,0.0,1273.0,0.0
0,0.0,0.0,0.0,456.0,0.0
0,0.0,0.0,0.0,2975.0,0.0
0,0.0,0.0,0.0,669.0,0.0
0,0.0,0.0,0.0,2189.0,0.0
0,0.0,0.0,0.0,6438.0,0.0
0,0.0,0.0,0.0,1144.0,0.0
0,0.0,0.0,0.0,672.0,0.0
0,2578.0,1.0,1.0,4518.0,1.0
0,0.0,0.0,0.0,578.0,0.0
0,0.0,0.0,0.0,1913.0,0.0
0,0.0,0.0,0.0,281.0,0.0
0,0.0,0.0,0.0,83.0,0.0
0,0.0,0.0,0.0,183.0,0.0
0,0.0,0.0,2.0,1075.0,0.0
0,0.0,0.0,0.0,3150.0,0.0
0,0.0,0.0,0.0,765.0,0.0
0,2689.0,1.0,1.0,3407.0,1.0
0,0.0,0.0,0.0,2689.0,0.0
0,0.0,0.0,0.0,2578.0,0.0
0,0.0,0.0,0.0,655.0,0.0
0,0.0,0.0,2.0,105.0,0.0
0,0.0,0.0,0.0,1385.0,0.0
0,0.0,0.0,0.0,902.0,0.0
0,764.5,2.0,5.0,380.0,1.0
0,0.0,0.0,0.0,3510.0,0.0
0,0.0,0.0,0.0,436.0,0.0
0,0.0,0.0,0.0,589.0,0.0
0,0.0,0.0,0.0,195.0,0.0
0,,1.0,2.0,1198.0,1.0
0,0.0,0.0,0.0,639.0,0.0
0,0.0,0.0,0.0,1635.0,0.0
0,1421.0,2.0,2.0,3409.0,1.0
0,0.0,0.0,1.0,547.0,0.0
0,0.0,0.0,0.0,1086.0,0.0
0,0.0,0.0,0.0,1756.0,0.0
0,0.0,0.0,0.0,1616.0,0.0
0,0.0,0.0,0.0,3309.0,0.0
0,0.0,0.0,0.0,685.0,0.0
0,0.0,0.0,0.0,2474.0,0.0
0,0.0,0.0,0.0,940.0,0.0
0,0.0,0.0,0.0,23.0,0.0
0,0.0,0.0,0.0,73.0,0.0
0,0.0,0.0,0.0,2474.0,0.0
0,0.0,0.0,0.0,426.0,0.0
0,0.0,0.0,0.0,426.0,0.0
0,9.0,1.0,0.0,426.0,1.0
0,0.0,0.0,0.0,77.0,0.0
0,1297.7272727272727,11.0,8.0,118759.0,1.0
0,0.0,0.0,0.0,722.0,0.0
0,0.0,0.0,0.0,472.0,0.0
0,0.0,0.0,0.0,2158.0,0.0
0,0.0,0.0,0.0,1272.0,0.0
0,0.0,0.0,0.0,870.0,0.0
0,0.0,0.0,0.0,350.0,0.0
0,0.0,0.0,0.0,604.0,0.0
0,0.0,0.0,0.0,743.0,0.0
0,0.0,0.0,0.0,5462.0,0.0
0,0.0,0.0,0.0,426.0,0.0
0,0.0,0.0,0.0,1360.0,0.0
0,0.0,0.0,1.0,53.0,0.0
0,0.0,0.0,0.0,9.0,0.0
0,0.0,0.0,0.0,306.0,0.0
0,0.0,0.0,0.0,262.0,0.0
0,2255.0,1.0,0.0,2355.0,1.0
0,0.0,0.0,0.0,2255.0,0.0
0,0.0,0.0,0.0,1707.0,0.0
0,0.0,0.0,0.0,262.0,0.0
0,0.0,0.0,0.0,1023.0,0.0
0,0.0,0.0,0.0,4712.0,0.0
0,0.0,0.0,1.0,500.0,0.0
0,0.0,0.0,0.0,46023.0,0.0
0,0.0,0.0,0.0,225.0,0.0
0,1005.0,1.0,1.0,2298.0,1.0
0,0.0,0.0,0.0,1005.0,0.0
0,0.0,0.0,0.0,3136.0,0.0
0,1005.0,1.0,1.0,2298.0,1.0
0,0.0,0.0,0.0,1005.0,0.0
0,0.0,0.0,0.0,2298.0,0.0
0,0.0,0.0,0.0,2298.0,0.0
0,9345.3125,16.0,114.0,50878.0,1.0
0,0.0,0.0,1.0,820.0,0.0
0,0.0,0.0,0.0,10346.0,0.0
0,0.0,0.0,0.0,6086.0,0.0
0,0.0,0.0,0.0,1016.0,0.0
0,0.0,0.0,0.0,722.0,0.0
0,1115.4444444444443,18.0,52.0,9565.0,1.0
0,0.0,0.0,1.0,2904.0,0.0
0,1591.6666666666667,3.0,0.0,466.0,1.0
0,862.0,17.0,26.0,9630.0,1.0
0,0.0,0.0,0.0,1662.0,0.0
0,0.0,0.0,0.0,1973.0,0.0
0,0.0,0.0,0.0,3129.0,0.0
0,0.0,0.0,0.0,2550.0,0.0
0,0.0,0.0,0.0,55.0,0.0
0,0.0,0.0,0.0,4177.0,0.0
0,0.0,0.0,0.0,1059.0,0.0
0,0.0,0.0,0.0,1224.0,0.0
0,0.0,0.0,0.0,118.0,0.0
0,0.0,0.0,0.0,808.0,0.0
0,0.0,0.0,0.0,82.0,0.0
0,0.0,0.0,0.0,268.0,0.0
0,0.0,0.0,0.0,305.0,0.0
0,0.0,0.0,0.0,16.0,0.0
0,0.0,0.0,0.0,4898.0,0.0
0,0.0,0.0,0.0,1569.0,0.0
0,0.0,0.0,0.0,1030.0,0.0
0,0.0,0.0,0.0,47.0,0.0
0,0.0,0.0,0.0,95.0,0.0
0,0.0,0.0,0.0,4355.0,0.0
0,0.0,0.0,0.0,1060.0,0.0
0,0.0,0.0,0.0,1172.0,0.0
0,0.0,0.0,0.0,208.0,0.0
0,0.0,0.0,0.0,1677.0,0.0
0,0.0,0.0,0.0,2054.0,0.0
0,0.0,0.0,0.0,3217.0,0.0
0,0.0,0.0,0.0,201.0,0.0
0,0.0,0.0,0.0,242.0,0.0
0,0.0,0.0,1.0,217.0,0.0
0,0.0,0.0,0.0,222.0,0.0
0,513.0,2.0,4.0,1226.0,1.0
0,0.0,0.0,0.0,1017.0,0.0
0,0.0,0.0,0.0,26066.0,0.0
0,0.0,0.0,0.0,393.0,0.0
0,949.0,1.0,2.0,154.0,1.0
0,0.0,0.0,0.0,949.0,0.0
0,0.0,0.0,0.0,6580.0,0.0
0,0.0,0.0,0.0,358.0,0.0
0,0.0,0.0,0.0,7287.0,0.0
0,0.0,0.0,0.0,193.0,0.0
0,0.0,0.0,0.0,815.0,0.0
0,0.0,0.0,2.0,132.0,0.0
0,0.0,0.0,0.0,198.0,0.0
0,0.0,0.0,0.0,2492.0,0.0
0,0.0,0.0,0.0,585.0,0.0
0,0.0,0.0,0.0,132.0,0.0
0,0.0,0.0,0.0,153951.0,0.0
0,550.0,1.0,0.0,2492.0,1.0
0,0.0,0.0,3.0,190.0,0.0
0,0.0,0.0,0.0,389.0,0.0
0,0.0,0.0,0.0,550.0,0.0
0,0.0,0.0,0.0,1410.0,0.0
0,0.0,0.0,0.0,2727.0,0.0
0,0.0,0.0,0.0,1780.0,0.0
0,0.0,0.0,0.0,1174.0,0.0
0,0.0,0.0,0.0,187.0,0.0
0,0.0,0.0,0.0,295.0,0.0
0,0.0,0.0,0.0,382.0,0.0
0,0.0,0.0,1.0,6568.0,0.0
0,0.0,0.0,0.0,3679.0,0.0
0,0.0,0.0,0.0,1940.0,0.0
0,0.0,0.0,0.0,67.0,0.0
0,9.0,1.0,0.0,426.0,1.0
0,0.0,0.0,0.0,1154.0,0.0
0,0.0,0.0,0.0,1155.0,0.0
0,755.8,10.0,9.0,201955.0,1.0
0,0.0,0.0,0.0,389.0,0.0
0,0.0,0.0,0.0,64.0,0.0
0,0.0,0.0,0.0,448.0,0.0
0,0.0,0.0,0.0,995.0,0.0
0,0.0,0.0,0.0,818.0,0.0
0,0.0,0.0,0.0,9.0,0.0
0,0.0,0.0,0.0,2608.0,0.0
0,0.0,0.0,0.0,3000.0,0.0
0,0.0,0.0,0.0,27.0,0.0
0,0.0,0.0,0.0,41.0,0.0
0,0.0,0.0,0.0,1209.0,0.0
0,0.0,0.0,0.0,177.0,0.0
0,396.0,1.0,0.0,426.0,1.0
0,0.0,0.0,0.0,2277.0,0.0
0,0.0,0.0,0.0,690.0,0.0
0,0.0,0.0,1.0,15062.0,0.0
0,0.0,0.0,0.0,1388.0,0.0
0,0.0,0.0,0.0,1356.0,0.0
0,0.0,0.0,0.0,94.0,0.0
0,100.0,1.0,0.0,1.0,1.0
0,0.0,0.0,0.0,626.0,0.0
0,0.0,0.0,0.0,160.0,0.0
0,0.0,0.0,1.0,4.0,0.0
0,0.0,0.0,0.0,308.0,0.0
0,0.0,0.0,0.0,1179.0,0.0
0,80.0,1.0,3.0,2073.0,1.0
0,0.0,0.0,0.0,125.0,0.0
0,0.0,0.0,0.0,1721.0,0.0
0,0.0,0.0,0.0,80.0,0.0
0,0.0,0.0,0.0,493.0,0.0
0,14110.5,2.0,2.0,2965.0,1.0
0,0.0,0.0,0.0,24991.0,0.0
0,0.0,0.0,0.0,2214.0,0.0
0,0.0,0.0,1.0,428.0,0.0
0,0.0,0.0,0.0,3230.0,0.0
0,0.0,0.0,0.0,820.0,0.0
0,0.0,0.0,0.0,160.0,0.0
0,8634.0,1.0,0.0,797.0,1.0
0,0.0,0.0,0.0,8634.0,0.0
0,0.0,0.0,0.0,448.0,0.0
0,0.0,0.0,0.0,295.0,0.0
0,5970.666666666667,3.0,4.0,16922.0,1.0
0,0.0,0.0,0.0,6453.0,0.0
0,0.0,0.0,0.0,9250.0,0.0
0,0.0,0.0,0.0,3881.0,0.0
0,0.0,0.0,0.0,2971.0,0.0
0,0.0,0.0,0.0,4781.0,0.0
0,0.0,0.0,0.0,100.0,0.0
0,8535.5,4.0,3.0,32984.0,1.0
0,0.0,0.0,0.0,347.0,0.0
0,0.0,0.0,0.0,347.0,0.0
0,0.0,0.0,0.0,4738.0,0.0
0,2085.0,2.0,3.0,4711.0,1.0
0,0.0,0.0,0.0,3018.0,0.0
0,0.0,0.0,0.0,3018.0,0.0
0,0.0,0.0,0.0,419.0,0.0
0,0.0,0.0,0.0,236.0,0.0
0,0.0,0.0,0.0,1186.0,0.0
0,0.0,0.0,0.0,295.0,0.0
0,0.0,0.0,0.0,458.0,0.0
0,0.0,0.0,0.0,13204.0,0.0
0,0.0,0.0,0.0,127.0,0.0
0,7045.0,1.0,0.0,4203.0,1.0
0,0.0,0.0,0.0,266.0,0.0
0,0.0,0.0,0.0,7045.0,0.0
0,0.0,0.0,0.0,26062.0,0.0
0,0.0,0.0,0.0,3217.0,0.0
0,0.0,0.0,1.0,624.0,0.0
0,0.0,0.0,0.0,1978.0,0.0
0,0.0,0.0,0.0,16937.0,0.0
0,0.0,0.0,0.0,721.0,0.0
0,0.0,0.0,9.0,18161.0,0.0
0,0.0,0.0,0.0,245.0,0.0
0,2271.0,1.0,0.0,765.0,1.0
0,0.0,0.0,0.0,1248.0,0.0
0,0.0,0.0,0.0,2271.0,0.0
0,0.0,0.0,0.0,2176.0,0.0
0,0.0,0.0,0.0,140.0,0.0
0,0.0,0.0,0.0,2545.0,0.0
0,0.0,0.0,0.0,291.0,0.0
0,0.0,0.0,0.0,37.0,0.0
0,0.0,0.0,0.0,34.0,0.0
0,0.0,0.0,3.0,170.0,0.0
0,0.0,0.0,0.0,9.0,0.0
0,0.0,0.0,0.0,328.0,0.0
0,0.0,0.0,0.0,286.0,0.0
0,0.0,0.0,14.0,556.0,0.0
0,0.0,0.0,2.0,139.0,0.0
0,0.0,0.0,0.0,927.0,0.0
0,0.0,0.0,0.0,137.0,0.0
0,0.0,0.0,0.0,1490.0,0.0
0,0.0,0.0,0.0,594.0,0.0
0,0.0,0.0,0.0,461.0,0.0
0,0.0,0.0,0.0,3861.0,0.0
0,0.0,0.0,0.0,1272.0,0.0
0,0.0,0.0,0.0,5247.0,0.0
0,0.0,0.0,0.0,3373.0,0.0
0,0.0,0.0,0.0,409.0,0.0
0,0.0,0.0,0.0,338.0,0.0
0,0.0,0.0,0.0,3373.0,0.0
0,0.0,0.0,0.0,432.0,0.0
0,41304.0,1.0,0.0,760.0,1.0
0,0.0,0.0,1.0,99.0,0.0
0,0.0,0.0,0.0,338.0,0.0
0,4740.882352941177,17.0,19.0,13290.0,1.0
0,0.0,0.0,0.0,557.0,0.0
0,10.5,2.0,2.0,35.0,1.0
0,0.0,0.0,0.0,1780.0,0.0
0,0.0,0.0,0.0,73.0,0.0
0,0.0,0.0,0.0,786.0,0.0
0,0.0,0.0,0.0,10672.0,0.0
0,0.0,0.0,0.0,1696.0,0.0
0,0.0,0.0,0.0,1165.0,0.0
0,662.125,8.0,10.0,1994.0,1.0
0,0.0,0.0,0.0,455.0,0.0
0,0.0,0.0,0.0,276.0,0.0
0,0.0,0.0,0.0,1170.0,0.0
0,0.0,0.0,0.0,71.0,0.0
0,0.0,0.0,0.0,265.0,0.0
0,0.0,0.0,0.0,11.0,0.0
0,0.0,0.0,0.0,1780.0,0.0
0,0.0,0.0,6.0,338.0,0.0
0,0.0,0.0,0.0,1780.0,0.0
0,0.0,0.0,0.0,2054.0,0.0
0,0.0,0.0,1.0,242.0,0.0
0,0.0,0.0,0.0,928.0,0.0
0,0.0,0.0,0.0,1939.0,0.0
0,0.0,0.0,0.0,25685.0,0.0
0,0.0,0.0,0.0,271.0,0.0
0,0.0,0.0,0.0,1178.0,0.0
0,0.0,0.0,1.0,1868.0,0.0
0,0.0,0.0,0.0,1573.0,0.0
0,0.0,0.0,1.0,74.0,0.0
0,0.0,0.0,1.0,2059.0,0.0
0,0.0,0.0,0.0,61.0,0.0
0,0.0,0.0,0.0,370.0,0.0
0,0.0,0.0,1.0,2133.0,0.0
0,0.0,0.0,0.0,521.0,0.0
0,0.0,0.0,0.0,275.0,0.0
0,0.0,0.0,2.0,8346.0,0.0
0,0.0,0.0,1.0,1562.0,0.0
0,0.0,0.0,0.0,5831.0,0.0
0,5172.571428571428,7.0,9.0,43511.0,1.0
0,0.0,0.0,0.0,22.0,0.0
0,0.0,0.0,0.0,17929.0,0.0
0,0.0,0.0,0.0,724.0,0.0
0,0.0,0.0,0.0,908.0,0.0
0,0.0,0.0,0.0,475.0,0.0
0,0.0,0.0,0.0,139.0,0.0
0,202.0,1.0,3.0,92.0,1.0
0,0.0,0.0,2.0,799.0,0.0
0,0.0,0.0,0.0,12747.0,0.0
0,0.0,0.0,2.0,1045.0,0.0
0,0.0,0.0,0.0,130.0,0.0
0,0.0,0.0,0.0,586.0,0.0
0,0.0,0.0,0.0,1473.0,0.0
0,0.0,0.0,1.0,341.0,0.0
0,0.0,0.0,0.0,1396.0,0.0
0,546.7857142857143,14.0,57.0,275305.0,1.0
0,0.0,0.0,0.0,202.0,0.0
0,0.0,0.0,0.0,42.0,0.0
0,0.0,0.0,4.0,1075.0,0.0
0,3184.5,2.0,6.0,5596.0,1.0
0,0.0,0.0,0.0,536.0,0.0
0,3938.0,1.0,0.0,5147.0,1.0
0,0.0,0.0,0.0,3938.0,0.0
0,0.0,0.0,0.0,3751.0,0.0
0,0.0,0.0,0.0,2133.0,0.0
0,0.0,0.0,2.0,9.0,0.0
0,3698.5,4.0,15.0,2133.0,1.0
0,0.0,0.0,0.0,9.0,0.0
0,0.0,0.0,0.0,2133.0,0.0
0,0.0,0.0,0.0,228.0,0.0
0,0.0,0.0,0.0,534.0,0.0
0,0.0,0.0,1.0,449.0,0.0
0,0.0,0.0,0.0,12026.0,0.0
0,0.0,0.0,0.0,36.0,0.0
0,0.0,0.0,0.0,1325.0,0.0
0,0.0,0.0,0.0,51.0,0.0
0,0.0,0.0,0.0,1231.0,0.0
0,0.0,0.0,0.0,3889.0,0.0
0,1581.0,1.0,0.0,2050.0,1.0
0,0.0,0.0,1.0,1606.0,0.0
0,0.0,0.0,0.0,296.0,0.0
0,0.0,0.0,0.0,228.0,0.0
0,0.0,0.0,0.0,11518.0,0.0
0,0.0,0.0,0.0,184.0,0.0
0,0.0,0.0,0.0,552.0,0.0
0,0.0,0.0,0.0,12919.0,0.0
0,0.0,0.0,0.0,871.0,0.0
0,0.0,0.0,0.0,16990.0,0.0
0,0.0,0.0,0.0,7229.0,0.0
0,0.0,0.0,0.0,491.0,0.0
0,0.0,0.0,0.0,956.0,0.0
0,0.0,0.0,0.0,150.0,0.0
0,0.0,0.0,0.0,4002.0,0.0
0,0.0,0.0,0.0,1003.0,0.0
0,2303.6666666666665,3.0,3.0,13962.0,1.0
0,0.0,0.0,0.0,362.0,0.0
0,0.0,0.0,0.0,1368.0,0.0
0,0.0,0.0,0.0,402.0,0.0
0,7011.0,3.0,0.0,2120.0,1.0
0,0.0,0.0,0.0,2486.0,0.0
0,0.0,0.0,0.0,3136.0,0.0
0,0.0,0.0,0.0,363.0,0.0
0,0.0,0.0,0.0,419.0,0.0
0,0.0,0.0,0.0,148.0,0.0
0,8477.5,2.0,0.0,3094.0,1.0
0,0.0,0.0,0.0,11340.0,0.0
0,0.0,0.0,0.0,13204.0,0.0
0,0.0,0.0,0.0,7207.0,0.0
0,0.0,0.0,0.0,11132.0,0.0
0,0.0,0.0,0.0,2454.0,0.0
0,2873.0,4.0,10.0,1994.0,1.0
0,683.25,4.0,8.0,1994.0,1.0
0,0.0,0.0,0.0,15110.0,0.0
0,0.0,0.0,0.0,1205.0,0.0
0,0.0,0.0,1.0,1526.0,0.0
0,0.0,0.0,0.0,34.0,0.0
0,0.0,0.0,0.0,1667.0,0.0
0,192.0,1.0,2.0,1212.0,1.0
0,1551.5,2.0,2.0,311.0,1.0
0,0.0,0.0,0.0,2367.0,0.0
0,0.0,0.0,0.0,192.0,0.0
0,0.0,0.0,0.0,2337.0,0.0
0,0.0,0.0,1.0,3136.0,0.0
0,218.42857142857142,7.0,7.0,5272.0,1.0
0,0.0,0.0,0.0,22.0,0.0
0,0.0,0.0,0.0,1845.0,0.0
0,0.0,0.0,0.0,2120.0,0.0
0,0.0,0.0,0.0,218.0,0.0
0,0.0,0.0,0.0,2054.0,0.0
0,0.0,0.0,0.0,332.0,0.0
0,0.0,0.0,0.0,456.0,0.0
0,0.0,0.0,0.0,336.0,0.0
0,0.0,0.0,0.0,2288.0,0.0
0,0.0,0.0,0.0,255.0,0.0
0,0.0,0.0,0.0,132.0,0.0
0,0.0,0.0,0.0,361.0,0.0
0,0.0,0.0,0.0,799.0,0.0
0,0.0,0.0,0.0,1800.0,0.0
0,16065.333333333334,6.0,2.0,8093.0,1.0
0,0.0,0.0,0.0,119.0,0.0
0,0.0,0.0,0.0,66871.0,0.0
0,0.0,0.0,1.0,32087.0,0.0
0,0.0,0.0,0.0,5973.0,0.0
0,11340.0,1.0,1.0,470.0,1.0
0,0.0,0.0,0.0,1315.0,0.0
0,0.0,0.0,0.0,11340.0,0.0
0,0.0,0.0,0.0,839.0,0.0
0,0.0,0.0,0.0,143.0,0.0
0,0.0,0.0,0.0,3185.0,0.0
0,0.0,0.0,0.0,236.0,0.0
0,0.0,0.0,0.0,721.0,0.0
0,0.0,0.0,0.0,2693.0,0.0
0,0.0,0.0,1.0,1274.0,0.0
0,0.0,0.0,0.0,232.0,0.0
0,0.0,0.0,0.0,138.0,0.0
0,7617.615384615385,13.0,9.0,165.0,1.0
0,0.0,0.0,0.0,454.0,0.0
0,0.0,0.0,0.0,11340.0,0.0
0,0.0,0.0,0.0,2486.0,0.0
0,0.0,0.0,0.0,1274.0,0.0
0,0.0,0.0,0.0,25685.0,0.0
0,0.0,0.0,0.0,10386.0,0.0
0,0.0,0.0,0.0,484.0,0.0
0,0.0,0.0,0.0,8760.0,0.0
0,0.0,0.0,0.0,267.0,0.0
0,0.0,0.0,0.0,2761.0,0.0
0,0.0,0.0,0.0,5760.0,0.0
0,0.0,0.0,0.0,9654.0,0.0
0,0.0,0.0,1.0,1188.0,0.0
0,0.0,0.0,0.0,1150.0,0.0
0,0.0,0.0,1.0,1232.0,0.0
0,0.0,0.0,1.0,25103.0,0.0
0,0.0,0.0,0.0,484.0,0.0
0,0.0,0.0,0.0,44.0,0.0
0,0.0,0.0,0.0,279.0,0.0
0,2569.5,2.0,1.0,347.0,1.0
0,0.0,0.0,2.0,950.0,0.0
0,0.0,0.0,0.0,1243.0,0.0
0,0.0,0.0,0.0,2180.0,0.0
0,0.0,0.0,0.0,10107.0,0.0
0,0.0,0.0,0.0,135.0,0.0
0,0.0,0.0,0.0,27.0,0.0
0,0.0,0.0,0.0,6302.0,0.0
0,0.0,0.0,0.0,6302.0,0.0
0,0.0,0.0,0.0,780.0,0.0
0,0.0,0.0,1.0,4.0,0.0
0,0.0,0.0,1.0,215.0,0.0
0,0.0,0.0,0.0,5633.0,0.0
0,0.0,0.0,0.0,5569.0,0.0
0,439.0,1.0,1.0,26062.0,1.0
0,0.0,0.0,0.0,7568.0,0.0
0,0.0,0.0,0.0,439.0,0.0
0,0.0,0.0,0.0,3160.0,0.0
0,3377.0,2.0,1.0,31792.0,1.0
0,0.0,0.0,2.0,169.0,0.0
0,0.0,0.0,0.0,1100.0,0.0
0,0.0,0.0,0.0,18599.0,0.0
0,7899.5,2.0,1.0,1262.0,1.0
0,0.0,0.0,0.0,11340.0,0.0
0,0.0,0.0,0.0,3860.0,0.0
0,0.0,0.0,0.0,5654.0,0.0
0,0.0,0.0,0.0,1279.0,0.0
0,669.4,5.0,5.0,1994.0,1.0
0,0.0,0.0,0.0,6367.0,0.0
0,0.0,0.0,0.0,1200.0,0.0
0,0.0,0.0,0.0,564.0,0.0
0,14980.0,2.0,3.0,16684.0,1.0
0,0.0,0.0,0.0,22698.0,0.0
0,481.0,2.0,3.0,15122.0,1.0
0,0.0,0.0,0.0,123.0,0.0
0,0.0,0.0,0.0,224.0,0.0
0,0.0,0.0,0.0,520.0,0.0
0,0.0,0.0,0.0,2248.0,0.0
0,744.25,4.0,5.0,1994.0,1.0
0,0.0,0.0,4.0,430.0,0.0
0,47.0,1.0,1.0,260.0,1.0
0,0.0,0.0,0.0,453.0,0.0
0,0.0,0.0,1.0,1035.0,0.0
0,3309.0,1.0,0.0,412.0,1.0
0,0.0,0.0,0.0,7262.0,0.0
0,0.0,0.0,0.0,192.0,0.0
0,0.0,0.0,0.0,1945.0,0.0
0,1988.0,1.0,0.0,4294.0,1.0
0,0.0,0.0,0.0,3309.0,0.0
0,0.0,0.0,0.0,32985.0,0.0
0,218.0,1.0,3.0,245147.0,1.0
0,0.0,0.0,0.0,1988.0,0.0
0,0.0,0.0,0.0,218.0,0.0
0,0.0,0.0,0.0,907.0,0.0
0,0.0,0.0,0.0,5230.0,0.0
0,0.0,0.0,0.0,2331.0,0.0
0,3309.0,1.0,2.0,1179.0,1.0
0,2695.6,10.0,15.0,21590.0,1.0
0,0.0,0.0,0.0,95.0,0.0
0,0.0,0.0,0.0,805.0,0.0
0,0.0,0.0,0.0,3309.0,0.0
0,0.0,0.0,0.0,22.0,0.0
0,0.0,0.0,0.0,511.0,0.0
0,0.0,0.0,0.0,456.0,0.0
0,0.0,0.0,0.0,282.0,0.0
0,0.0,0.0,0.0,127.0,0.0
0,0.0,0.0,1.0,355.0,0.0
0,0.0,0.0,0.0,291.0,0.0
0,0.0,0.0,0.0,444.0,0.0
0,0.0,0.0,0.0,64768.0,0.0
0,0.0,0.0,0.0,3547.0,0.0
0,0.0,0.0,0.0,7640.0,0.0
0,0.0,0.0,0.0,1273.0,0.0
0,0.0,0.0,0.0,62.0,0.0
0,0.0,0.0,0.0,776.0,0.0
0,0.0,0.0,0.0,94.0,0.0
0,0.0,0.0,0.0,766.0,0.0
0,0.0,0.0,0.0,263.0,0.0
0,0.0,0.0,0.0,306.0,0.0
0,0.0,0.0,0.0,1077.0,0.0
0,0.0,0.0,1.0,681.0,0.0
0,0.0,0.0,0.0,1353.0,0.0
0,0.0,0.0,0.0,685.0,0.0
0,0.0,0.0,1.0,3466.0,0.0
0,2647.222222222222,9.0,6.0,5060.0,1.0
0,0.0,0.0,0.0,7138.0,0.0
0,0.0,0.0,0.0,2853.0,0.0
0,0.0,0.0,0.0,5628.0,0.0
0,0.0,0.0,0.0,5163.0,0.0
0,0.0,0.0,1.0,1077.0,0.0
0,0.0,0.0,0.0,900.0,0.0
0,3706.0,1.0,2.0,637.0,1.0
0,0.0,0.0,0.0,3706.0,0.0
0,0.0,0.0,0.0,1097.0,0.0
0,0.0,0.0,0.0,54.0,0.0
0,0.0,0.0,0.0,1388.0,0.0
0,0.0,0.0,0.0,73.0,0.0
0,0.0,0.0,0.0,7.0,0.0
0,0.0,0.0,0.0,3320.0,0.0
0,0.0,0.0,0.0,140.0,0.0
0,0.0,0.0,0.0,115.0,0.0
0,0.0,0.0,0.0,121.0,0.0
0,0.0,0.0,0.0,1526.0,0.0
0,0.0,0.0,0.0,3109.0,0.0
0,0.0,0.0,0.0,741.0,0.0
0,0.0,0.0,2.0,214.0,0.0
0,0.0,0.0,0.0,31.0,0.0
0,0.0,0.0,0.0,1527.0,0.0
0,0.0,0.0,0.0,1338.0,0.0
0,0.0,0.0,0.0,2924.0,0.0
0,0.0,0.0,0.0,62.0,0.0
0,0.0,0.0,1.0,153.0,0.0
0,0.0,0.0,0.0,32.0,0.0
0,0.0,0.0,2.0,82.0,0.0
0,0.0,0.0,0.0,1.0,0.0
0,0.0,0.0,0.0,3940.0,0.0
0,0.0,0.0,0.0,295.0,0.0
0,0.0,0.0,1.0,199.0,0.0
0,2106.0,1.0,0.0,1398.0,1.0
0,0.0,0.0,0.0,2106.0,0.0
0,0.0,0.0,1.0,10308.0,0.0
0,0.0,0.0,0.0,16216.0,0.0
0,0.0,0.0,0.0,2885.0,0.0
0,979.6875,16.0,13.0,40364.0,1.0
0,0.0,0.0,0.0,738.0,0.0
0,0.0,0.0,0.0,613.0,0.0
0,0.0,0.0,1.0,6941.0,0.0
0,0.0,0.0,1.0,1692.0,0.0
0,0.0,0.0,0.0,360.0,0.0
0,0.0,0.0,1.0,1526.0,0.0
0,1025.0,1.0,1.0,1096.0,1.0
0,0.0,0.0,0.0,1025.0,0.0
0,0.0,0.0,0.0,895.0,0.0
0,0.0,0.0,0.0,6.0,0.0
0,1397.7272727272727,11.0,12.0,3998.0,1.0
0,0.0,0.0,0.0,980.0,0.0
0,0.0,0.0,0.0,1.0,0.0
0,0.0,0.0,0.0,518.0,0.0
0,0.0,0.0,0.0,2395.0,0.0
0,0.0,0.0,0.0,9.0,0.0
0,0.0,0.0,0.0,1899.0,0.0
0,0.0,0.0,0.0,6083.0,0.0
0,0.0,0.0,0.0,220.0,0.0
0,0.0,0.0,0.0,114.0,0.0
0,50.0,1.0,2.0,49.0,1.0
0,0.0,0.0,0.0,598.0,0.0
0,0.0,0.0,0.0,289.0,0.0
0,0.0,0.0,0.0,675.0,0.0
0,0.0,0.0,0.0,8768.0,0.0
0,0.0,0.0,0.0,196.0,0.0
0,0.0,0.0,0.0,51.0,0.0
0,0.0,0.0,0.0,37.0,0.0
0,0.0,0.0,0.0,3119.0,0.0
0,370.0,1.0,0.0,2395.0,1.0
0,0.0,0.0,0.0,370.0,0.0
0,0.0,0.0,0.0,1242.0,0.0
0,0.0,0.0,0.0,835.0,0.0
0,0.0,0.0,2.0,260.0,0.0
0,0.0,0.0,0.0,425.0,0.0
0,0.0,0.0,0.0,338.0,0.0
0,0.0,0.0,0.0,10672.0,0.0
0,0.0,0.0,0.0,1310.0,0.0
0,0.0,0.0,0.0,8093.0,0.0
0,0.0,0.0,0.0,2219.0,0.0
0,0.0,0.0,1.0,3606.0,0.0
0,13226.0,1.0,1.0,1241.0,1.0
0,0.0,0.0,0.0,4237.0,0.0
0,0.0,0.0,0.0,13226.0,0.0
0,413.0,1.0,1.0,953.0,1.0
0,0.0,0.0,0.0,69.0,0.0
0,0.0,0.0,0.0,433.0,0.0
0,0.0,0.0,0.0,1358.0,0.0
0,0.0,0.0,0.0,7816.0,0.0
0,0.0,0.0,0.0,88.0,0.0
0,0.0,0.0,1.0,2054.0,0.0
0,0.0,0.0,0.0,982.0,0.0
0,0.0,0.0,0.0,5335.0,0.0
0,382.0,1.0,1.0,2403.0,1.0
0,0.0,0.0,0.0,8665.0,0.0
0,0.0,0.0,0.0,1.0,0.0
0,0.0,0.0,0.0,1581.0,0.0
0,0.0,0.0,0.0,3374.0,0.0
0,0.0,0.0,0.0,114.0,0.0
0,0.0,0.0,0.0,1483.0,0.0
0,189.5,2.0,0.0,51.0,1.0
0,0.0,0.0,1.0,163.0,0.0
0,0.0,0.0,0.0,1968.0,0.0
0,0.0,0.0,0.0,41.0,0.0
0,0.0,0.0,0.0,313.0,0.0
0,0.0,0.0,0.0,2069.0,0.0
0,0.0,0.0,0.0,343.0,0.0
0,0.0,0.0,0.0,370.0,0.0
0,0.0,0.0,0.0,1044.0,0.0
0,0.0,0.0,0.0,338.0,0.0
0,0.0,0.0,1.0,468.0,0.0
0,0.0,0.0,1.0,1261.0,0.0
0,1013.0,1.0,1.0,911.0,1.0
0,0.0,0.0,1.0,326.0,0.0
0,0.0,0.0,0.0,1261.0,0.0
0,0.0,0.0,0.0,1477.0,0.0
0,0.0,0.0,0.0,19.0,0.0
0,0.0,0.0,0.0,2005.0,0.0
0,519.0,2.0,10.0,9565.0,1.0
0,0.0,0.0,0.0,223.0,0.0
0,0.0,0.0,0.0,131.0,0.0
0,2472.0,3.0,2.0,721.0,1.0
0,0.0,0.0,0.0,413.0,0.0
0,0.0,0.0,0.0,444.0,0.0
0,3817.0,1.0,1.0,721.0,1.0
0,0.0,0.0,0.0,815.0,0.0
0,0.0,0.0,0.0,977.0,0.0
0,0.0,0.0,0.0,351.0,0.0
0,0.0,0.0,0.0,72.0,0.0
0,192.0,1.0,2.0,1212.0,1.0
0,0.0,0.0,1.0,1526.0,0.0
0,0.0,0.0,1.0,351.0,0.0
0,0.0,0.0,0.0,192.0,0.0
0,0.0,0.0,0.0,1013.0,0.0
0,166.0,1.0,3.0,329.0,1.0
0,0.0,0.0,0.0,3247.0,0.0
0,0.0,0.0,1.0,583.0,0.0
0,150.0,1.0,1.0,6969.0,1.0
0,12882.0,1.0,1.0,2481.0,1.0
0,0.0,0.0,0.0,242.0,0.0
0,0.0,0.0,0.0,166.0,0.0
0,0.0,0.0,0.0,1515.0,0.0
0,0.0,0.0,0.0,426.0,0.0
0,0.0,0.0,2.0,2747.0,0.0
0,0.0,0.0,1.0,3658.0,0.0
0,364.0,1.0,1.0,1039.0,1.0
0,0.0,0.0,1.0,1228.0,0.0
0,0.0,0.0,0.0,232.0,0.0
0,0.0,0.0,0.0,182.0,0.0
0,0.0,0.0,0.0,2043.0,0.0
0,0.0,0.0,3.0,4197.0,0.0
0,0.0,0.0,0.0,364.0,0.0
0,0.0,0.0,0.0,47.0,0.0
0,0.0,0.0,0.0,2.0,0.0
0,0.0,0.0,0.0,1681.0,0.0
0,0.0,0.0,0.0,5181.0,0.0
0,6047.2,20.0,23.0,240922.0,1.0
0,0.0,0.0,0.0,3151.0,0.0
0,12.0,1.0,21.0,2005.0,1.0
0,3282.0,14.0,12.0,275339.0,1.0
0,0.0,0.0,0.0,2887.0,0.0
0,0.0,0.0,0.0,463.0,0.0
0,0.0,0.0,0.0,5455.0,0.0
0,0.0,0.0,0.0,13363.0,0.0
0,0.0,0.0,0.0,1161.0,0.0
0,0.0,0.0,0.0,333.0,0.0
0,0.0,0.0,0.0,96.0,0.0
0,0.0,0.0,0.0,164.0,0.0
0,0.0,0.0,1.0,816.0,0.0
0,0.0,0.0,0.0,760.0,0.0
0,0.0,0.0,0.0,8376.0,0.0
0,0.0,0.0,0.0,1539.0,0.0
0,0.0,0.0,0.0,73.0,0.0
0,0.0,0.0,0.0,1073.0,0.0
0,588.0,1.0,0.0,12906.0,1.0
0,0.0,0.0,0.0,1909.0,0.0
0,0.0,0.0,0.0,5901.0,0.0
0,0.0,0.0,0.0,1075.0,0.0
0,0.0,0.0,0.0,2904.0,0.0
0,0.0,0.0,0.0,1075.0,0.0
0,0.0,0.0,0.0,1075.0,0.0
0,0.0,0.0,0.0,1075.0,0.0
0,0.0,0.0,0.0,1306.0,0.0
0,0.0,0.0,0.0,87.0,0.0
0,0.0,0.0,0.0,393.0,0.0
0,0.0,0.0,0.0,1247.0,0.0
0,0.0,0.0,0.0,564.0,0.0
0,0.0,0.0,0.0,588.0,0.0
0,0.0,0.0,0.0,656.0,0.0
0,2370.5,4.0,4.0,13962.0,1.0
0,0.0,0.0,0.0,1368.0,0.0
0,0.0,0.0,0.0,362.0,0.0
0,0.0,0.0,0.0,67.0,0.0
0,0.0,0.0,0.0,2456.0,0.0
0,0.0,0.0,0.0,6040.0,0.0
0,0.0,0.0,0.0,382.0,0.0
0,0.0,0.0,1.0,1712.0,0.0
0,0.0,0.0,0.0,397.0,0.0
0,0.0,0.0,0.0,12.0,0.0
0,0.0,0.0,0.0,4783.0,0.0
0,0.0,0.0,0.0,5663.0,0.0
0,0.0,0.0,0.0,150.0,0.0
0,1268.0,1.0,1.0,620.0,1.0
0,71.5,2.0,6.0,915.0,1.0
0,0.0,0.0,1.0,915.0,0.0
0,0.0,0.0,0.0,3180.0,0.0
0,0.0,0.0,0.0,1268.0,0.0
0,0.0,0.0,0.0,2871.0,0.0
0,0.0,0.0,0.0,1137.0,0.0
0,0.0,0.0,0.0,1318.0,0.0
0,0.0,0.0,0.0,6230.0,0.0
0,0.0,0.0,0.0,1589.0,0.0
0,0.0,0.0,0.0,2572.0,0.0
0,0.0,0.0,0.0,537.0,0.0
0,0.0,0.0,1.0,3940.0,0.0
0,0.0,0.0,0.0,3217.0,0.0
0,0.0,0.0,0.0,275.0,0.0
0,0.0,0.0,0.0,7402.0,0.0
0,0.0,0.0,0.0,2434.0,0.0
0,1036.5,2.0,4.0,275339.0,1.0
0,12620.6,5.0,4.0,5668.0,1.0
0,1190.5,2.0,2.0,2719.0,1.0
0,0.0,0.0,0.0,1661.0,0.0
0,0.0,0.0,0.0,2942.0,0.0
0,0.0,0.0,0.0,3817.0,0.0
0,0.0,0.0,0.0,3817.0,0.0
0,0.0,0.0,0.0,412.0,0.0
0,1470.0,2.0,2.0,6714.0,1.0
0,0.0,0.0,0.0,16684.0,0.0
0,0.0,0.0,0.0,1617.0,0.0
0,0.0,0.0,0.0,468.0,0.0
0,0.0,0.0,0.0,25827.0,0.0
0,0.0,0.0,0.0,2293.0,0.0
0,0.0,0.0,0.0,1800.0,0.0
0,0.0,0.0,0.0,647.0,0.0
0,0.0,0.0,0.0,655.0,0.0
0,0.0,0.0,0.0,434.0,0.0
0,0.0,0.0,0.0,5128.0,0.0
0,0.0,0.0,0.0,342.0,0.0
0,0.0,0.0,0.0,138.0,0.0
0,0.0,0.0,0.0,7386.0,0.0
0,0.0,0.0,0.0,827.0,0.0
0,0.0,0.0,0.0,16695.0,0.0
0,0.0,0.0,0.0,1249.0,0.0
0,0.0,0.0,0.0,3496.0,0.0
0,0.0,0.0,0.0,2530.0,0.0
0,0.0,0.0,0.0,217.0,0.0
0,0.0,0.0,2.0,2474.0,0.0
0,0.0,0.0,0.0,16684.0,0.0
0,0.0,0.0,0.0,26896.0,0.0
0,0.0,0.0,0.0,426.0,0.0
0,0.0,0.0,1.0,151.0,0.0
0,2271.0,1.0,1.0,105.0,1.0
0,237.0,1.0,3.0,360.0,1.0
0,0.0,0.0,0.0,237.0,0.0
0,0.0,0.0,0.0,137.0,0.0
0,0.0,0.0,0.0,2739.0,0.0
0,0.0,0.0,0.0,2271.0,0.0
0,0.0,0.0,0.0,43.0,0.0
0,2338.0,1.0,0.0,440.0,1.0
0,0.0,0.0,0.0,2338.0,0.0
0,5653.0,1.0,0.0,292.0,1.0
0,0.0,0.0,0.0,385.0,0.0
0,0.0,0.0,0.0,260.0,0.0
0,0.0,0.0,0.0,2329.0,0.0
0,0.0,0.0,0.0,2190.0,0.0
0,2147.0,1.0,3.0,1279.0,1.0
0,0.0,0.0,0.0,136.0,0.0
0,0.0,0.0,0.0,99.0,0.0
0,0.0,0.0,0.0,275.0,0.0
0,0.0,0.0,0.0,7262.0,0.0
0,0.0,0.0,0.0,684.0,0.0
0,0.0,0.0,0.0,333.0,0.0
0,0.0,0.0,1.0,1772.0,0.0
0,0.0,0.0,0.0,279.0,0.0
0,0.0,0.0,0.0,708.0,0.0
0,0.0,0.0,0.0,346.0,0.0
0,0.0,0.0,2.0,279.0,0.0
0,0.0,0.0,0.0,16684.0,0.0
0,0.0,0.0,0.0,40196.0,0.0
0,0.0,0.0,0.0,8148.0,0.0
0,0.0,0.0,0.0,2885.0,0.0
0,0.0,0.0,0.0,2224.0,0.0
0,0.0,0.0,0.0,4008.0,0.0
0,0.0,0.0,0.0,788.0,0.0
0,3382.0,1.0,2.0,207.0,1.0
0,0.0,0.0,0.0,5723.0,0.0
0,0.0,0.0,0.0,1108.0,0.0
0,0.0,0.0,0.0,443.0,0.0
0,2701.0,1.0,3.0,1040.0,1.0
0,0.0,0.0,1.0,627.0,0.0
0,0.0,0.0,0.0,1636.0,0.0
0,0.0,0.0,0.0,2701.0,0.0
0,0.0,0.0,0.0,350.0,0.0
0,0.0,0.0,0.0,879.0,0.0
0,0.0,0.0,2.0,184.0,0.0
0,0.0,0.0,0.0,3382.0,0.0
0,348.5,2.0,3.0,199.0,1.0
0,0.0,0.0,1.0,891.0,0.0
0,0.0,0.0,0.0,5600.0,0.0
0,0.0,0.0,0.0,6040.0,0.0
0,0.0,0.0,0.0,322.0,0.0
0,0.0,0.0,0.0,2133.0,0.0
0,0.0,0.0,0.0,375.0,0.0
0,0.0,0.0,0.0,6040.0,0.0
0,0.0,0.0,0.0,54.0,0.0
0,0.0,0.0,0.0,170.0,0.0
0,0.0,0.0,1.0,2480.0,0.0
0,0.0,0.0,0.0,66.0,0.0
0,0.0,0.0,0.0,2889.0,0.0
0,348.0,1.0,1.0,817.0,1.0
0,0.0,0.0,0.0,348.0,0.0
0,0.0,0.0,0.0,4712.0,0.0
0,0.0,0.0,0.0,3100.0,0.0
0,0.0,0.0,0.0,6040.0,0.0
0,0.0,0.0,3.0,199.0,0.0
0,0.0,0.0,0.0,595.0,0.0
0,0.0,0.0,0.0,90.0,0.0
0,2829.0,1.0,0.0,2183.0,1.0
0,2503.0,1.0,0.0,3194.0,1.0
0,0.0,0.0,0.0,415.0,0.0
0,614.25,8.0,1.0,6644.0,1.0
0,2771.0,4.0,4.0,15060.0,1.0
0,852.0,1.0,1.0,3952.0,1.0
0,0.0,0.0,0.0,1584.0,0.0
0,0.0,0.0,0.0,1868.0,0.0
0,0.0,0.0,0.0,852.0,0.0
0,0.0,0.0,0.0,2503.0,0.0
0,0.0,0.0,0.0,2829.0,0.0
0,0.0,0.0,0.0,270.0,0.0
0,0.0,0.0,0.0,1148.0,0.0
0,0.0,0.0,0.0,2690.0,0.0
0,0.0,0.0,0.0,25.0,0.0
0,0.0,0.0,1.0,1526.0,0.0
0,5506.0,1.0,0.0,2078.0,1.0
0,0.0,0.0,0.0,5506.0,0.0
0,0.0,0.0,0.0,37.0,0.0
0,0.0,0.0,0.0,3151.0,0.0
0,0.0,0.0,0.0,1598.0,0.0
0,0.0,0.0,0.0,589.0,0.0
0,1096.0,1.0,0.0,207.0,1.0
0,1338.0,1.0,0.0,151.0,1.0
0,2891.3888888888887,18.0,21.0,118759.0,1.0
0,0.0,0.0,0.0,1175.0,0.0
0,0.0,0.0,0.0,1338.0,0.0
0,0.0,0.0,0.0,28217.0,0.0
0,0.0,0.0,0.0,1360.0,0.0
0,0.0,0.0,0.0,97.0,0.0
0,0.0,0.0,0.0,1404.0,0.0
0,0.0,0.0,0.0,13117.0,0.0
0,0.0,0.0,2.0,167.0,0.0
0,0.0,0.0,0.0,85.0,0.0
0,0.0,0.0,0.0,320.0,0.0
0,0.0,0.0,0.0,26.0,0.0
0,0.0,0.0,0.0,130.0,0.0
0,0.0,0.0,0.0,283.0,0.0
0,1496.2857142857142,7.0,7.0,1994.0,1.0
0,0.0,0.0,0.0,1968.0,0.0
0,0.0,0.0,1.0,71.0,0.0
0,0.0,0.0,0.0,907.0,0.0
0,0.0,0.0,0.0,1473.0,0.0
0,0.0,0.0,0.0,531.0,0.0
0,0.0,0.0,0.0,2268.0,0.0
0,0.0,0.0,0.0,489.0,0.0
0,0.0,0.0,0.0,309.0,0.0
0,0.0,0.0,0.0,1388.0,0.0
0,0.0,0.0,0.0,623.0,0.0
0,0.0,0.0,0.0,1130.0,0.0
0,0.0,0.0,0.0,3149.0,0.0
0,0.0,0.0,0.0,2634.0,0.0
0,0.0,0.0,0.0,47.0,0.0
0,0.0,0.0,0.0,632.0,0.0
0,0.0,0.0,0.0,50.0,0.0
0,0.0,0.0,0.0,1096.0,0.0
0,0.0,0.0,0.0,890.0,0.0
0,4856.0,1.0,0.0,4561.0,1.0
0,0.0,0.0,0.0,240.0,0.0
0,0.0,0.0,0.0,249.0,0.0
0,0.0,0.0,0.0,6714.0,0.0
0,0.0,0.0,0.0,4856.0,0.0
0,0.0,0.0,0.0,123.0,0.0
0,0.0,0.0,0.0,3149.0,0.0
0,0.0,0.0,0.0,180.0,0.0
0,0.0,0.0,0.0,1056.0,0.0
0,1205.0,1.0,2.0,37156.0,1.0
0,0.0,0.0,1.0,693.0,0.0
0,0.0,0.0,1.0,1552.0,0.0
0,0.0,0.0,0.0,6040.0,0.0
0,0.0,0.0,0.0,7188.0,0.0
0,0.0,0.0,1.0,1526.0,0.0
0,0.0,0.0,1.0,2739.0,0.0
0,0.0,0.0,0.0,236.0,0.0
0,0.0,0.0,0.0,2894.0,0.0
0,0.0,0.0,0.0,797.0,0.0
0,0.0,0.0,0.0,214.0,0.0
0,7778.375,8.0,4.0,468.0,1.0
0,0.0,0.0,0.0,54140.0,0.0
0,0.0,0.0,0.0,728.0,0.0
0,0.0,0.0,0.0,836.0,0.0
0,0.0,0.0,0.0,210.0,0.0
0,0.0,0.0,0.0,2532.0,0.0
0,0.0,0.0,0.0,798.0,0.0
0,0.0,0.0,0.0,2689.0,0.0
0,0.0,0.0,0.0,2147.0,0.0
0,0.0,0.0,0.0,713.0,0.0
0,0.0,0.0,0.0,703.0,0.0
0,0.0,0.0,0.0,5583.0,0.0
0,0.0,0.0,0.0,309.0,0.0
0,271.0,1.0,0.0,387.0,1.0
0,0.0,0.0,0.0,271.0,0.0
0,271.0,1.0,2.0,387.0,1.0
0,0.0,0.0,0.0,58.0,0.0
0,0.0,0.0,0.0,271.0,0.0
0,0.0,0.0,0.0,2.0,0.0
0,0.0,0.0,0.0,192.0,0.0
0,12321.666666666666,3.0,3.0,8202.0,1.0
0,881.0,1.0,2.0,645.0,1.0
0,0.0,0.0,0.0,160.0,0.0
0,0.0,0.0,2.0,27.0,0.0
0,76.0,1.0,3.0,1849.0,1.0
0,0.0,0.0,0.0,20280.0,0.0
0,0.0,0.0,1.0,290.0,0.0
0,0.0,0.0,0.0,9968.0,0.0
0,0.0,0.0,0.0,1780.0,0.0
0,0.0,0.0,0.0,454.0,0.0
0,0.0,0.0,0.0,2142.0,0.0
0,14876.0,2.0,2.0,34128.0,1.0
0,0.0,0.0,0.0,652.0,0.0
0,0.0,0.0,0.0,1205.0,0.0
0,0.0,0.0,0.0,4709.0,0.0
0,0.0,0.0,0.0,8428.0,0.0
0,0.0,0.0,0.0,224.0,0.0
0,0.0,0.0,0.0,97.0,0.0
0,0.0,0.0,0.0,897.0,0.0
0,0.0,0.0,0.0,77.0,0.0
0,0.0,0.0,0.0,25827.0,0.0
0,0.0,0.0,0.0,3925.0,0.0
0,0.0,0.0,0.0,2344.0,0.0
0,0.0,0.0,0.0,16684.0,0.0
0,0.0,0.0,1.0,1780.0,0.0
0,0.0,0.0,0.0,129.0,0.0
0,0.0,0.0,0.0,392.0,0.0
0,482.5,2.0,0.0,559.0,1.0
0,0.0,0.0,0.0,2043.0,0.0
0,0.0,0.0,0.0,426.0,0.0
0,0.0,0.0,0.0,258.0,0.0
0,1986.0,1.0,0.0,249.0,1.0
0,0.0,0.0,0.0,491.0,0.0
0,0.0,0.0,0.0,993.0,0.0
0,0.0,0.0,0.0,16684.0,0.0
0,0.0,0.0,1.0,1170.0,0.0
0,0.0,0.0,0.0,1914.0,0.0
0,0.0,0.0,0.0,590.0,0.0
0,0.0,0.0,0.0,159.0,0.0
0,707.0,1.0,1.0,559.0,1.0
0,0.0,0.0,0.0,26.0,0.0
0,0.0,0.0,0.0,337.0,0.0
0,0.0,0.0,0.0,388.0,0.0
0,0.0,0.0,1.0,1150.0,0.0
0,0.0,0.0,0.0,707.0,0.0
0,0.0,0.0,0.0,707.0,0.0
0,0.0,0.0,0.0,339.0,0.0
0,0.0,0.0,0.0,1986.0,0.0
0,0.0,0.0,0.0,813.0,0.0
0,0.0,0.0,0.0,294.0,0.0
0,0.0,0.0,0.0,164.0,0.0
0,0.0,0.0,0.0,68.0,0.0
0,0.0,0.0,0.0,76.0,0.0
0,4506.0,1.0,1.0,2341.0,1.0
0,0.0,0.0,0.0,2193.0,0.0
0,0.0,0.0,0.0,126.0,0.0
0,0.0,0.0,0.0,76.0,0.0
0,36610.0,1.0,0.0,3666.0,1.0
0,0.0,0.0,0.0,36610.0,0.0
0,0.0,0.0,0.0,4506.0,0.0
0,0.0,0.0,0.0,584.0,0.0
0,0.0,0.0,0.0,197.0,0.0
0,0.0,0.0,0.0,24791.0,0.0
0,76.0,1.0,1.0,32.0,1.0
0,0.0,0.0,0.0,8184.0,0.0
0,0.0,0.0,0.0,1308.0,0.0
0,0.0,0.0,0.0,91666.0,0.0
0,0.0,0.0,1.0,4101.0,0.0
0,0.0,0.0,0.0,408.0,0.0
0,0.0,0.0,0.0,3751.0,0.0
0,0.0,0.0,1.0,124.0,0.0
0,0.0,0.0,0.0,246.0,0.0
0,0.0,0.0,0.0,574.0,0.0
0,0.0,0.0,0.0,604.0,0.0
0,0.0,0.0,0.0,67.0,0.0
0,0.0,0.0,1.0,16684.0,0.0
0,0.0,0.0,0.0,26063.0,0.0
0,0.0,0.0,0.0,76.0,0.0
0,0.0,0.0,0.0,2141.0,0.0
0,0.0,0.0,0.0,1231.0,0.0
0,0.0,0.0,0.0,1451.0,0.0
0,0.0,0.0,0.0,37.0,0.0
0,0.0,0.0,0.0,688.0,0.0
0,0.0,0.0,0.0,932.0,0.0
0,66371.0,1.0,1.0,957.0,1.0
0,0.0,0.0,0.0,404.0,0.0
0,0.0,0.0,0.0,77.0,0.0
0,0.0,0.0,0.0,426.0,0.0
0,0.0,0.0,0.0,5174.0,0.0
0,0.0,0.0,0.0,1071.0,0.0
0,0.0,0.0,0.0,478.0,0.0
0,0.0,0.0,0.0,260.0,0.0
0,0.0,0.0,0.0,295.0,0.0
0,607.5,2.0,8.0,8882.0,1.0
0,0.0,0.0,0.0,760.0,0.0
0,0.0,0.0,0.0,455.0,0.0
0,0.0,0.0,0.0,21.0,0.0
0,0.0,0.0,0.0,232.0,0.0
0,0.0,0.0,0.0,232.0,0.0
0,0.0,0.0,0.0,653.0,0.0
0,0.0,0.0,0.0,1885.0,0.0
0,0.0,0.0,0.0,1020.0,0.0
0,0.0,0.0,1.0,3217.0,0.0
0,0.0,0.0,2.0,5251.0,0.0
0,0.0,0.0,0.0,2639.0,0.0
0,737.0,1.0,0.0,1055.0,1.0
0,0.0,0.0,2.0,260.0,0.0
0,0.0,0.0,0.0,737.0,0.0
0,0.0,0.0,0.0,6237.0,0.0
0,0.0,0.0,0.0,74.0,0.0
0,0.0,0.0,0.0,1055.0,0.0
0,0.0,0.0,0.0,39.0,0.0
0,0.0,0.0,1.0,645.0,0.0
0,1137.0,1.0,2.0,7407.0,1.0
0,0.0,0.0,0.0,1137.0,0.0
0,0.0,0.0,0.0,5180.0,0.0
0,0.0,0.0,0.0,28.0,0.0
0,0.0,0.0,0.0,267.0,0.0
0,0.0,0.0,0.0,13112.0,0.0
0,0.0,0.0,0.0,537.0,0.0
0,0.0,0.0,0.0,1108.0,0.0
0,0.0,0.0,0.0,4413.0,0.0
0,0.0,0.0,0.0,267.0,0.0
0,13372.5,2.0,1.0,978.0,1.0
0,0.0,0.0,0.0,398.0,0.0
0,0.0,0.0,0.0,0.0,0.0
0,0.0,0.0,0.0,1845.0,0.0
0,6145.0,5.0,4.0,68271.0,1.0
0,0.0,0.0,0.0,367.0,0.0
0,0.0,0.0,0.0,10690.0,0.0
0,0.0,0.0,0.0,14273.0,0.0
0,0.0,0.0,0.0,2733.0,0.0
0,0.0,0.0,0.0,2734.0,0.0
0,0.0,0.0,0.0,1006.0,0.0
0,0.0,0.0,0.0,1387.0,0.0
0,0.0,0.0,0.0,9393.0,0.0
0,0.0,0.0,0.0,26382.0,0.0
0,0.0,0.0,1.0,9.0,0.0
0,0.0,0.0,0.0,363.0,0.0
0,0.0,0.0,0.0,703.0,0.0
0,0.0,0.0,0.0,103.0,0.0
0,0.0,0.0,0.0,262.0,0.0
0,0.0,0.0,0.0,111.0,0.0
0,0.0,0.0,0.0,907.0,0.0
0,2649.0,3.0,2.0,5282.0,1.0
0,1473.0,1.0,0.0,558.0,1.0
0,0.0,0.0,0.0,560.0,0.0
0,0.0,0.0,0.0,2141.0,0.0
0,0.0,0.0,0.0,5596.0,0.0
0,0.0,0.0,0.0,1473.0,0.0
0,0.0,0.0,0.0,352.0,0.0
0,0.0,0.0,0.0,716.0,0.0
0,0.0,0.0,1.0,1924.0,0.0
0,0.0,0.0,0.0,543.0,0.0
0,1093.0,1.0,1.0,1515.0,1.0
0,0.0,0.0,2.0,1502.0,0.0
0,0.0,0.0,0.0,575.0,0.0
0,0.0,0.0,0.0,4008.0,0.0
0,0.0,0.0,1.0,3151.0,0.0
0,0.0,0.0,0.0,3007.0,0.0
0,0.0,0.0,0.0,11691.0,0.0
0,0.0,0.0,0.0,721.0,0.0
0,0.0,0.0,2.0,1229.0,0.0
0,112.0,1.0,0.0,152.0,1.0
0,10.631578947368421,19.0,2.0,153951.0,1.0
0,0.0,0.0,1.0,4.0,0.0
0,0.0,0.0,1.0,799.0,0.0
0,0.0,0.0,0.0,440.0,0.0
0,0.0,0.0,0.0,194.0,0.0
0,0.0,0.0,0.0,3604.0,0.0
0,0.0,0.0,1.0,194.0,0.0
0,0.0,0.0,2.0,1526.0,0.0
0,0.0,0.0,0.0,272.0,0.0
0,2449.0,1.0,1.0,1073.0,1.0
0,0.0,0.0,0.0,2449.0,0.0
0,0.0,0.0,0.0,3151.0,0.0
0,0.0,0.0,0.0,3708.0,0.0
0,0.0,0.0,2.0,1576.0,0.0
0,0.0,0.0,0.0,314.0,0.0
0,0.0,0.0,0.0,14.0,0.0
0,0.0,0.0,0.0,10.0,0.0
0,0.0,0.0,0.0,10.0,0.0
0,0.0,0.0,0.0,10.0,0.0
0,0.0,0.0,0.0,15.0,0.0
0,0.0,0.0,0.0,12.0,0.0
0,0.0,0.0,0.0,9.0,0.0
0,0.0,0.0,0.0,9.0,0.0
0,0.0,0.0,0.0,5.0,0.0
0,0.0,0.0,0.0,8.0,0.0
0,0.0,0.0,0.0,9.0,0.0
0,0.0,0.0,0.0,16.0,0.0
0,0.0,0.0,0.0,4.0,0.0
0,0.0,0.0,0.0,15.0,0.0
0,0.0,0.0,0.0,7.0,0.0
0,0.0,0.0,0.0,6.0,0.0
0,0.0,0.0,0.0,8.0,0.0
0,0.0,0.0,0.0,4.0,0.0
0,0.0,0.0,0.0,31.0,0.0
0,46871.0,2.0,4.0,777.0,1.0
0,0.0,0.0,2.0,191.0,0.0
0,1124.0,1.0,1.0,1792.0,1.0
0,0.0,0.0,0.0,657.0,0.0
0,0.0,0.0,0.0,1124.0,0.0
0,0.0,0.0,1.0,1078.0,0.0
0,0.0,0.0,0.0,10.0,0.0
0,0.0,0.0,0.0,8364.0,0.0
0,0.0,0.0,0.0,2202.0,0.0
0,0.0,0.0,0.0,797.0,0.0
0,0.0,0.0,0.0,35.0,0.0
0,0.0,0.0,0.0,1093.0,0.0
0,0.0,0.0,1.0,761.0,0.0
0,0.0,0.0,0.0,3146.0,0.0
0,0.0,0.0,0.0,347.0,0.0
0,7701.0,4.0,0.0,2012.0,1.0
0,0.0,0.0,0.0,39.0,0.0
0,0.0,0.0,0.0,769.0,0.0
0,0.0,0.0,0.0,881.0,0.0
0,0.0,0.0,0.0,16174.0,0.0
0,0.0,0.0,0.0,10404.0,0.0
0,0.0,0.0,1.0,10404.0,0.0
0,1956.0,1.0,2.0,10404.0,1.0
0,0.0,0.0,0.0,1956.0,0.0
0,0.0,0.0,0.0,1928.0,0.0
0,0.0,0.0,0.0,295.0,0.0
0,0.0,0.0,0.0,295.0,0.0
0,2328.5555555555557,18.0,51.0,994.0,1.0
0,0.0,0.0,0.0,16.0,0.0
0,0.0,0.0,0.0,8004.0,0.0
0,0.0,0.0,0.0,31992.0,0.0
0,0.0,0.0,0.0,399.0,0.0
0,0.0,0.0,0.0,62.0,0.0
0,0.0,0.0,1.0,10672.0,0.0
0,0.0,0.0,0.0,10672.0,0.0
0,0.0,0.0,0.0,10672.0,0.0
0,0.0,0.0,0.0,11.0,0.0
0,325.0,1.0,2.0,1332.0,1.0
0,1374.0,1.0,0.0,7581.0,1.0
0,0.0,0.0,0.0,1374.0,0.0
0,0.0,0.0,0.0,325.0,0.0
0,0.0,0.0,0.0,69.0,0.0
0,425.0,1.0,0.0,2474.0,1.0
0,0.0,0.0,0.0,114.0,0.0
0,0.0,0.0,0.0,425.0,0.0
0,0.0,0.0,0.0,8.0,0.0
0,0.0,0.0,0.0,797.0,0.0
0,0.0,0.0,0.0,1263.0,0.0
0,1328.0,2.0,1.0,2073.0,1.0
0,0.0,0.0,0.0,1061.0,0.0
0,0.0,0.0,0.0,1163.0,0.0
0,0.0,0.0,0.0,3151.0,0.0
0,0.0,0.0,0.0,76.0,0.0
0,436.0,1.0,1.0,22442.0,1.0
0,0.0,0.0,0.0,1468.0,0.0
0,0.0,0.0,0.0,436.0,0.0
0,0.0,0.0,0.0,3151.0,0.0
0,0.0,0.0,1.0,255.0,0.0
0,0.0,0.0,0.0,291.0,0.0
0,0.0,0.0,0.0,218.0,0.0
0,0.0,0.0,0.0,1103.0,0.0
0,0.0,0.0,0.0,1040.0,0.0
0,0.0,0.0,0.0,1471.0,0.0
0,0.0,0.0,0.0,1303.0,0.0
0,0.0,0.0,0.0,3037.0,0.0
0,0.0,0.0,0.0,578.0,0.0
0,0.0,0.0,0.0,3861.0,0.0
0,0.0,0.0,0.0,3589.0,0.0
0,0.0,0.0,0.0,580.0,0.0
0,0.0,0.0,0.0,337.0,0.0
0,0.0,0.0,0.0,827.0,0.0
0,0.0,0.0,0.0,11030.0,0.0
0,0.0,0.0,0.0,1570.0,0.0
0,0.0,0.0,0.0,2711.0,0.0
0,0.0,0.0,0.0,6044.0,0.0
0,0.0,0.0,0.0,4254.0,0.0
0,0.0,0.0,0.0,13462.0,0.0
0,0.0,0.0,0.0,1595.0,0.0
0,0.0,0.0,0.0,1915.0,0.0
0,0.0,0.0,0.0,1352.0,0.0
0,0.0,0.0,0.0,435.0,0.0
0,0.0,0.0,0.0,201.0,0.0
0,0.0,0.0,0.0,566.0,0.0
0,0.0,0.0,0.0,30.0,0.0
0,0.0,0.0,0.0,41304.0,0.0
0,0.0,0.0,0.0,1011.0,0.0
0,0.0,0.0,0.0,5669.0,0.0
0,0.0,0.0,0.0,4481.0,0.0
0,0.0,0.0,0.0,5669.0,0.0
0,0.0,0.0,0.0,700.0,0.0
0,0.0,0.0,0.0,73.0,0.0
0,0.0,0.0,0.0,9443.0,0.0
0,0.0,0.0,0.0,2508.0,0.0
0,0.0,0.0,0.0,5653.0,0.0
0,0.0,0.0,0.0,430.0,0.0
0,0.0,0.0,0.0,275.0,0.0
0,0.0,0.0,0.0,871.0,0.0
0,0.0,0.0,0.0,2403.0,0.0
0,0.0,0.0,0.0,314.0,0.0
0,0.0,0.0,0.0,298.0,0.0
0,0.0,0.0,0.0,7.0,0.0
0,0.0,0.0,0.0,1957.0,0.0
0,0.0,0.0,0.0,1721.0,0.0
0,0.0,0.0,0.0,16.0,0.0
0,0.0,0.0,0.0,5.0,0.0
0,0.0,0.0,0.0,66371.0,0.0
0,0.0,0.0,0.0,2238.0,0.0
0,0.0,0.0,0.0,4459.0,0.0
0,0.0,0.0,0.0,91887.0,0.0
0,0.0,0.0,0.0,1855.0,0.0
0,0.0,0.0,0.0,112.0,0.0
0,0.0,0.0,0.0,396.0,0.0
0,0.0,0.0,0.0,2120.0,0.0
0,0.0,0.0,0.0,12882.0,0.0
0,0.0,0.0,0.0,3793.0,0.0
0,0.0,0.0,0.0,1566.0,0.0
0,0.0,0.0,0.0,1566.0,0.0
0,0.0,0.0,0.0,1566.0,0.0
0,0.0,0.0,0.0,1566.0,0.0
0,0.0,0.0,0.0,466.0,0.0
0,0.0,0.0,0.0,83.0,0.0
0,0.0,0.0,0.0,83.0,0.0
0,0.0,0.0,0.0,83.0,0.0
0,0.0,0.0,0.0,83.0,0.0
0,0.0,0.0,0.0,115.0,0.0
0,0.0,0.0,0.0,5033.0,0.0
0,0.0,0.0,0.0,1336.0,0.0
0,0.0,0.0,0.0,2622.0,0.0
0,0.0,0.0,0.0,6717.0,0.0
0,0.0,0.0,0.0,730.0,0.0
0,0.0,0.0,0.0,253.0,0.0
0,0.0,0.0,0.0,253.0,0.0
0,0.0,0.0,0.0,253.0,0.0
0,0.0,0.0,0.0,253.0,0.0
